study_hours_per_day,assignment_completion_rate,previous_score,class_participation,study_days_per_week,daily_study_consistency,sleep_hours,exercise_frequency,breaks_during_study,screen_time_hours,social_media_hours,phone_check_frequency,distraction_level,stress_level,motivation_level,study_environment,internet_quality,access_to_resources,attendance_percentage,online_learning_hours,goal_setting,peer_influence,break_quality,preferred_study_time,final_score,performance_category,improvement_potential
4.4,100,75,3,6,4,4.2,4,4,5.6,4.7,6,3,3,2,0,5,5,76,4.0,3,-1,3,Night,78.0,High,Medium
9.6,60,64,5,4,2,4.1,2,2,8.4,4.2,13,3,2,4,0,3,1,84,1.2,5,0,5,Night,100.0,High,Medium
7.6,71,60,5,1,5,8.9,1,2,3.5,4.7,23,5,4,3,0,5,3,80,0.3,1,-1,4,Evening,100.0,High,High
6.4,62,75,5,5,1,6.1,2,1,9.5,5.1,19,5,3,5,1,3,5,64,0.8,1,0,1,Night,80.0,High,High
2.4,72,49,5,2,1,5.9,6,1,8.9,3.1,22,1,4,2,0,4,3,65,3.4,2,-1,4,Morning,54.0,Medium,High
2.4,42,76,2,1,3,7.4,5,1,2.5,3.3,15,4,5,3,1,1,1,62,4.6,5,0,3,Night,77.0,High,High
1.5,57,48,2,2,3,5.1,3,1,8.1,1.2,29,3,3,1,0,1,5,98,5.6,1,1,3,Morning,45.0,Low,Medium
8.8,64,63,3,7,5,8.7,4,5,6.2,2.6,27,4,1,2,0,5,2,84,0.1,1,1,4,Evening,96.0,High,High
6.4,81,74,1,6,1,7.9,4,1,6.1,4.0,20,5,4,5,1,1,1,60,3.1,5,1,3,Evening,100.0,High,High
7.4,70,88,5,3,5,4.4,6,5,4.5,4.8,26,5,5,5,1,4,4,70,2.8,3,0,2,Morning,95.0,High,High
1.2,93,74,1,5,3,6.1,4,5,5.5,1.7,21,5,1,1,0,5,3,100,3.9,5,0,2,Night,82.0,High,High
9.7,97,87,1,6,3,8.4,6,1,4.6,1.3,9,4,1,1,1,3,1,60,3.4,5,1,3,Evening,100.0,High,High
8.5,42,75,3,1,1,8.7,2,3,5.9,4.1,16,5,1,2,1,1,1,79,4.1,3,1,3,Evening,100.0,High,High
2.9,79,57,5,7,4,6.3,3,4,6.7,0.5,15,1,1,4,1,2,5,97,3.9,5,-1,2,Night,98.0,High,Low
2.6,85,88,5,7,2,7.1,1,2,7.1,1.5,19,5,3,1,1,1,5,84,0.7,1,-1,3,Night,62.0,Medium,High
2.7,63,78,4,7,3,4.8,5,5,5.8,0.7,7,2,3,4,0,3,5,71,4.8,5,-1,3,Morning,81.0,High,Medium
3.7,89,71,1,1,3,9.0,1,4,7.5,1.4,5,4,3,3,1,5,4,87,0.7,3,1,4,Night,84.0,High,High
5.7,71,63,1,1,4,5.2,2,3,2.3,1.5,24,2,5,5,0,3,5,80,4.2,4,1,1,Night,97.0,High,High
4.9,86,62,2,1,4,8.7,5,2,2.9,2.6,20,5,5,4,0,2,1,63,2.5,5,1,2,Night,88.0,High,High
3.6,61,71,4,1,5,7.2,4,2,8.4,2.7,6,1,5,5,0,4,5,73,3.1,2,-1,4,Morning,83.0,High,High
6.5,62,76,2,7,5,7.0,0,5,3.9,5.3,6,3,2,4,0,1,2,99,5.4,1,0,1,Morning,100.0,High,Low
2.3,41,51,2,7,2,6.6,2,1,1.2,3.3,7,5,5,3,1,5,5,98,5.3,1,1,3,Evening,65.0,Medium,High
3.6,66,88,2,2,2,5.2,2,3,2.4,4.5,12,1,3,1,1,4,4,81,4.9,2,0,3,Morning,93.0,High,Medium
4.3,81,94,3,6,1,4.9,3,5,3.0,1.1,28,4,3,3,0,3,2,85,3.1,2,0,4,Evening,99.0,High,High
5.1,41,52,3,5,5,5.1,1,3,9.6,1.7,19,2,2,1,0,5,1,81,4.4,5,0,3,Night,76.0,High,Medium
8.1,65,62,2,3,3,4.9,2,1,6.2,4.4,11,2,2,1,0,4,1,64,3.1,2,-1,5,Evening,85.0,High,Medium
2.8,56,64,4,7,5,7.9,2,1,9.4,0.8,10,2,5,5,0,5,3,92,5.2,4,0,4,Evening,80.0,High,High
5.6,79,74,1,3,3,5.8,4,5,6.2,3.2,13,4,4,3,1,2,2,84,2.4,3,1,1,Night,86.0,High,High
6.3,72,80,4,6,4,4.3,4,1,5.3,3.8,24,1,2,4,0,2,3,52,5.8,2,-1,4,Evening,100.0,High,Low
1.4,48,69,5,6,5,8.8,5,4,3.8,3.8,5,4,1,3,1,1,2,65,5.6,2,1,2,Morning,79.0,High,High
6.5,82,56,3,3,4,8.4,6,2,6.5,0.6,12,2,3,5,0,1,2,54,4.4,4,1,4,Morning,100.0,High,Low
2.5,93,88,1,7,2,8.6,6,5,2.3,2.3,27,5,1,1,0,2,4,70,1.7,1,-1,3,Morning,86.0,High,High
1.6,87,59,1,3,2,9.0,0,3,9.1,4.0,27,3,3,5,0,5,3,59,0.8,1,1,3,Morning,71.0,Medium,Medium
9.5,78,87,5,2,1,4.9,6,4,8.5,1.3,7,4,3,2,0,2,4,68,5.1,5,1,5,Evening,100.0,High,High
9.7,68,64,5,4,5,6.0,3,5,3.9,4.3,8,4,2,2,1,1,2,74,1.0,4,-1,5,Evening,100.0,High,High
8.3,81,61,2,7,4,7.8,0,1,9.6,4.6,29,1,2,4,1,2,1,53,5.1,3,1,5,Night,100.0,High,Low
3.7,94,52,3,7,3,7.5,5,1,8.4,5.9,19,1,1,5,1,2,2,78,2.9,3,0,1,Evening,100.0,High,Medium
1.9,65,58,3,5,2,4.8,4,1,7.0,1.7,10,4,3,4,0,5,4,68,2.4,4,1,5,Evening,59.0,Medium,High
7.2,74,88,4,1,2,8.1,6,1,2.1,5.0,19,2,1,4,0,4,3,92,5.4,3,0,1,Evening,100.0,High,Medium
5.0,89,75,2,4,3,5.1,1,3,5.3,3.4,25,3,4,2,1,1,3,51,3.6,1,1,5,Night,85.0,High,High
2.1,64,51,2,6,4,5.1,4,4,5.6,2.6,7,1,1,4,1,5,4,59,3.5,3,-1,1,Morning,69.0,Medium,Low
5.5,63,80,2,7,4,6.7,3,2,3.1,1.2,29,2,5,2,0,2,3,92,3.4,3,-1,4,Evening,97.0,High,High
1.3,52,58,2,3,5,7.0,4,3,1.7,4.5,25,5,1,1,0,2,5,74,2.2,4,1,4,Night,69.0,Medium,High
9.2,99,51,3,4,5,6.9,3,3,8.0,1.8,25,1,5,5,1,4,1,69,4.7,4,-1,3,Night,100.0,High,High
3.3,97,48,3,5,1,4.5,3,2,2.1,2.5,18,2,5,4,0,1,1,97,1.5,3,1,1,Night,81.0,High,High
7.0,46,46,2,6,2,8.4,3,2,6.3,0.8,24,2,5,2,0,1,1,68,5.6,2,-1,2,Morning,74.0,Medium,High
3.8,96,67,4,1,5,5.3,5,1,9.4,4.9,18,3,4,3,1,3,3,72,5.4,4,0,3,Evening,78.0,High,High
5.7,75,53,1,1,4,4.6,3,3,8.9,4.7,8,3,1,4,0,1,3,73,2.0,5,1,4,Night,89.0,High,Low
5.9,84,70,1,5,3,8.4,3,5,3.5,4.5,16,5,1,1,1,4,2,60,4.4,5,0,1,Morning,99.0,High,High
2.7,59,91,4,5,4,8.8,1,2,8.7,2.1,21,2,4,1,0,3,2,95,3.4,1,0,5,Night,73.0,Medium,High
9.7,40,58,2,3,2,8.3,0,2,1.0,1.5,11,2,3,3,1,3,1,83,2.0,3,1,2,Night,100.0,High,Medium
8.0,47,86,3,7,4,8.0,2,4,1.2,4.0,13,3,2,2,0,2,5,77,5.9,2,0,4,Night,100.0,High,Medium
9.5,85,55,1,1,1,7.3,0,5,6.4,3.2,7,1,1,4,1,2,2,54,0.2,1,1,3,Night,100.0,High,Medium
9.1,55,92,5,6,2,6.8,3,5,4.3,1.5,17,1,2,2,1,1,2,54,1.5,3,0,1,Night,100.0,High,Medium
6.4,53,44,5,4,3,4.4,1,2,4.5,4.3,19,4,4,1,1,3,3,100,3.1,4,1,2,Morning,74.0,Medium,High
9.3,51,74,4,6,1,6.0,4,1,6.1,6.0,22,3,3,2,1,2,5,70,3.1,5,1,1,Evening,100.0,High,Medium
1.8,90,51,2,2,2,5.9,1,4,2.7,4.6,23,4,3,1,0,4,1,61,3.5,2,-1,5,Evening,68.0,Medium,High
2.8,62,64,1,2,3,5.3,3,5,2.9,4.6,5,3,3,2,0,2,2,99,4.5,5,1,3,Evening,94.0,High,Medium
1.4,54,91,2,5,1,7.6,1,2,5.4,5.7,10,5,4,3,1,2,5,53,3.7,4,1,1,Evening,63.0,Medium,High
3.9,67,60,1,3,1,6.5,6,5,7.8,1.6,27,2,5,5,0,3,5,98,3.6,3,0,4,Morning,87.0,High,High
4.5,73,75,4,2,2,4.4,1,4,6.6,3.6,6,5,5,3,0,3,1,91,0.3,4,1,3,Morning,75.0,Medium,High
3.4,41,92,4,1,5,5.1,3,4,3.7,5.9,28,3,2,3,0,5,5,69,2.3,4,-1,4,Morning,82.0,High,Medium
8.5,71,62,5,6,1,7.4,5,3,4.9,1.4,18,2,5,5,0,4,5,87,1.4,5,0,1,Night,100.0,High,High
4.2,62,55,2,6,1,4.4,6,2,2.5,4.4,10,1,5,5,0,3,5,74,1.6,2,0,3,Night,76.0,High,High
3.5,61,78,5,5,3,8.3,1,4,1.7,3.7,18,1,3,4,1,1,2,63,3.3,4,-1,4,Night,100.0,High,Medium
5.9,90,84,2,7,4,6.5,2,3,8.0,3.7,8,4,3,4,1,4,1,60,1.2,5,0,5,Evening,100.0,High,High
2.3,64,92,5,7,2,6.4,2,3,3.4,4.3,25,3,2,3,1,4,5,81,1.8,2,0,5,Night,93.0,High,Medium
8.2,97,81,3,4,2,7.0,1,5,2.6,5.6,12,3,1,3,1,3,5,60,1.4,3,0,1,Evening,100.0,High,Medium
1.7,100,78,3,5,5,8.1,5,5,7.2,4.8,7,1,2,1,0,4,2,67,5.7,3,0,3,Night,84.0,High,Medium
9.9,61,53,3,4,5,5.7,4,3,6.6,0.8,23,5,2,1,0,3,1,76,5.7,1,-1,2,Evening,83.0,High,High
8.0,97,70,3,7,2,7.4,3,5,6.7,5.2,18,2,4,4,1,2,3,67,3.7,5,-1,3,Night,100.0,High,High
2.8,97,44,1,5,5,6.8,2,4,3.1,1.7,24,5,4,4,0,5,2,72,5.5,2,0,5,Night,66.0,Medium,High
1.0,61,74,3,5,3,5.3,4,1,3.1,2.6,21,5,2,1,0,2,1,60,4.7,4,0,4,Morning,67.0,Medium,High
8.3,88,62,4,5,2,8.4,1,4,3.0,3.0,29,1,2,1,1,3,5,70,3.5,3,-1,2,Night,100.0,High,Medium
7.4,91,68,4,7,5,8.0,4,3,2.6,3.1,12,1,2,2,0,3,1,93,0.0,2,-1,1,Night,100.0,High,Medium
7.6,81,82,1,4,2,7.3,6,3,6.9,2.9,28,1,5,2,1,2,1,54,4.6,5,-1,2,Morning,98.0,High,High
7.9,45,50,3,4,4,8.3,0,4,8.6,5.7,18,4,4,1,1,1,1,72,4.2,1,0,1,Evening,75.0,Medium,High
1.7,54,57,3,5,1,8.3,2,5,7.5,4.4,10,5,2,2,0,1,3,90,3.7,3,0,2,Morning,58.0,Medium,High
4.2,93,86,3,2,2,7.5,1,5,8.1,4.0,27,3,3,5,0,1,1,74,4.6,2,1,1,Morning,95.0,High,Medium
2.0,82,51,5,3,1,8.2,3,3,4.6,0.8,26,2,3,4,1,3,3,90,3.1,2,-1,1,Evening,73.0,Medium,Medium
8.8,99,48,2,7,5,7.5,5,2,6.9,5.5,20,4,5,4,1,4,5,59,4.2,2,0,2,Night,97.0,High,High
6.6,76,49,5,3,1,7.4,6,5,4.2,5.5,29,3,5,1,0,3,3,71,5.6,5,-1,2,Evening,85.0,High,High
4.0,72,83,2,3,2,7.1,1,4,5.7,4.8,23,5,1,3,1,4,5,68,2.3,5,0,1,Night,91.0,High,High
1.6,47,56,3,4,4,7.8,3,5,5.3,0.5,18,1,1,1,1,2,5,50,4.2,5,-1,5,Night,69.0,Medium,Medium
3.8,92,77,3,4,5,4.8,5,4,2.6,0.8,23,5,1,2,1,5,3,56,2.9,4,0,2,Evening,95.0,High,High
3.9,99,46,5,2,2,8.4,5,3,4.5,1.7,7,2,5,3,0,4,2,53,4.0,2,1,3,Morning,88.0,High,High
7.6,83,85,5,3,5,8.4,1,5,9.7,1.2,14,4,5,2,1,1,4,50,4.6,3,1,4,Evening,94.0,High,High
6.7,83,52,2,3,3,4.1,6,4,3.2,2.7,23,4,5,5,0,3,1,64,0.3,5,-1,1,Night,89.0,High,High
9.0,44,79,4,5,1,8.1,4,3,2.2,5.6,13,2,3,2,1,2,4,89,3.9,5,0,1,Evening,100.0,High,Medium
5.2,78,81,2,4,3,4.6,4,2,4.8,3.1,24,3,5,5,0,1,1,61,1.4,2,0,4,Evening,77.0,High,High
2.1,43,48,5,3,2,5.7,5,4,8.1,0.6,17,3,3,5,1,2,1,71,4.0,5,-1,5,Night,60.0,Medium,Medium
7.4,45,89,5,6,4,7.7,4,2,6.2,2.1,11,4,1,2,0,5,5,71,2.8,4,0,4,Morning,100.0,High,High
7.8,84,66,1,2,5,4.8,0,2,7.1,0.7,18,4,1,2,0,3,1,99,4.6,4,-1,2,Evening,100.0,High,High
6.1,71,41,5,6,1,8.1,5,1,2.7,0.7,13,1,1,5,0,3,1,96,0.7,5,0,4,Night,100.0,High,Medium
7.9,91,44,1,6,5,8.2,5,5,6.6,2.0,27,3,2,3,1,5,3,66,3.8,2,-1,1,Night,98.0,High,Medium
5.4,69,68,4,7,2,6.5,3,4,3.9,2.0,29,2,2,5,1,3,4,78,1.7,2,0,4,Evening,95.0,High,Medium
5.7,86,76,2,7,5,4.0,4,2,8.5,4.8,23,3,4,4,1,4,3,95,5.1,2,-1,3,Morning,89.0,High,High
4.8,74,77,2,2,1,5.4,6,1,6.7,5.9,19,1,4,5,0,2,1,63,5.6,1,0,2,Evening,88.0,High,High
1.2,94,58,1,6,2,7.1,5,3,2.8,2.5,24,4,4,3,1,1,5,99,6.0,5,1,4,Morning,75.0,Medium,High
2.0,79,47,2,3,5,8.9,6,4,1.6,2.9,18,4,2,4,0,5,3,69,4.8,2,0,1,Morning,77.0,High,High
1.3,91,87,5,4,4,7.2,0,2,1.4,5.1,28,1,2,1,1,4,3,99,4.5,4,-1,2,Morning,99.0,High,Medium
6.7,55,84,3,2,2,5.3,3,5,4.3,2.0,10,2,4,1,0,1,2,97,1.3,3,1,1,Morning,100.0,High,High
3.8,52,40,1,5,2,7.2,1,1,3.4,1.4,25,4,4,3,0,1,1,82,2.0,3,0,5,Evening,56.0,Medium,High
5.6,89,61,2,6,4,6.7,6,2,6.8,5.2,8,5,5,5,0,5,5,92,2.8,2,1,3,Night,86.0,High,High
9.2,99,91,1,2,3,7.9,5,5,5.5,0.8,12,4,4,2,1,4,3,64,4.6,3,0,5,Night,100.0,High,High
3.2,81,56,1,1,1,4.5,0,2,3.4,3.9,21,5,5,3,1,1,3,61,5.5,3,1,3,Night,75.0,Medium,High
4.7,69,46,3,1,3,7.8,2,4,2.3,3.6,13,1,3,4,1,1,5,89,1.1,1,-1,4,Night,86.0,High,Medium
7.8,58,64,5,7,5,6.7,0,4,2.1,2.4,5,1,2,4,0,4,1,69,5.5,4,0,2,Night,100.0,High,Low
3.1,56,84,1,4,4,8.8,0,4,8.8,2.2,28,4,4,1,0,3,2,79,4.2,4,0,4,Night,78.0,High,High
1.7,95,43,2,3,3,5.7,3,1,3.2,4.7,24,3,2,4,1,1,3,87,3.7,1,-1,3,Evening,79.0,High,Medium
3.6,58,75,4,4,2,7.2,1,4,6.9,1.0,29,5,2,3,1,2,2,52,1.2,1,1,3,Morning,73.0,Medium,High
2.5,67,45,1,4,5,8.7,2,5,8.3,1.8,18,2,2,4,1,4,4,77,0.3,3,-1,3,Night,65.0,Medium,Low
9.4,97,70,1,4,5,4.5,4,2,6.5,4.5,15,4,3,3,0,1,1,75,3.4,5,-1,1,Evening,100.0,High,High
8.3,94,58,3,4,3,8.7,4,3,8.7,3.5,25,2,1,2,0,5,4,79,3.9,3,1,2,Night,100.0,High,Medium
6.7,65,83,5,5,3,7.4,6,5,4.5,1.2,7,4,4,1,0,2,4,62,1.3,1,-1,4,Night,88.0,High,High
8.8,76,93,4,5,4,4.3,0,5,9.6,5.4,13,3,1,4,0,1,4,62,3.3,4,0,4,Morning,100.0,High,Low
8.2,65,78,2,7,1,5.5,3,4,2.2,2.7,18,3,1,3,0,2,1,51,5.1,3,0,5,Morning,100.0,High,Medium
2.7,92,66,4,2,3,7.5,3,1,1.9,5.1,13,3,1,5,1,2,1,86,5.0,5,0,3,Morning,100.0,High,Medium
9.0,62,49,2,1,3,4.3,4,2,6.9,4.8,8,3,2,1,0,3,5,98,5.6,3,-1,3,Night,86.0,High,Medium
5.9,48,65,5,4,2,6.9,6,1,9.5,3.9,8,1,5,2,0,2,2,87,2.2,2,0,3,Night,73.0,Medium,High
8.3,51,58,2,7,5,5.7,6,2,8.3,3.2,12,1,2,3,0,3,2,51,1.9,3,0,4,Night,92.0,High,Medium
9.1,92,78,3,2,1,7.1,6,2,1.7,5.9,6,5,2,2,0,4,5,85,4.5,1,0,5,Morning,100.0,High,High
3.9,40,42,3,1,2,4.2,2,1,3.5,1.3,13,2,1,2,0,3,5,75,2.6,4,0,1,Evening,74.0,Medium,Medium
2.0,97,84,3,6,4,8.4,1,5,9.4,4.5,18,4,2,4,1,5,4,60,0.5,4,0,2,Night,82.0,High,High
3.1,97,52,3,3,4,8.9,2,2,3.3,1.6,26,4,1,4,0,1,5,57,1.7,1,0,1,Night,81.0,High,High
4.8,40,89,4,5,3,8.8,5,1,8.0,2.4,13,1,5,3,0,4,3,93,2.5,2,-1,4,Night,87.0,High,High
8.4,86,67,5,6,3,7.7,5,2,8.4,2.2,28,4,4,5,0,4,2,89,1.8,1,0,3,Evening,98.0,High,High
8.7,73,59,2,1,4,4.7,1,3,5.5,5.7,27,1,1,3,1,5,5,92,2.0,3,0,2,Night,100.0,High,Medium
1.1,71,67,2,6,3,7.8,4,5,4.5,5.8,20,5,5,5,1,3,3,71,1.8,1,1,4,Evening,64.0,Medium,High
5.6,93,47,3,3,1,4.1,1,4,5.1,1.5,21,2,4,2,1,1,3,69,0.2,1,-1,4,Night,70.0,Medium,High
4.8,87,80,3,7,3,4.1,3,2,3.0,0.6,20,5,3,1,0,3,3,57,3.8,2,-1,4,Evening,83.0,High,High
3.0,64,78,1,1,5,5.6,5,3,9.0,4.5,16,3,1,3,1,2,3,78,3.6,3,-1,2,Night,82.0,High,Medium
2.1,79,40,5,6,3,6.4,0,4,5.1,2.8,7,3,1,3,0,3,4,89,3.9,5,-1,2,Morning,82.0,High,Medium
4.0,84,42,4,5,2,7.9,0,4,8.9,1.0,15,3,3,5,0,4,3,75,1.2,5,0,5,Morning,76.0,High,Medium
9.5,92,52,2,5,1,7.4,4,2,2.0,4.3,18,5,3,2,1,1,4,79,1.8,4,0,5,Morning,100.0,High,High
3.9,40,67,1,2,2,6.2,3,1,9.9,3.5,22,4,1,2,0,3,4,66,3.7,1,1,1,Morning,59.0,Medium,High
5.7,55,88,1,6,2,5.4,2,2,5.0,5.9,25,2,3,5,0,1,3,69,3.6,4,1,2,Night,100.0,High,Medium
7.3,100,64,2,4,5,9.0,3,3,1.4,1.8,25,3,2,2,0,1,2,65,3.0,2,-1,2,Morning,100.0,High,Medium
4.3,78,72,4,6,1,6.1,0,4,1.3,2.7,9,3,4,4,1,2,3,95,2.1,5,1,2,Evening,100.0,High,High
9.7,44,77,1,7,1,6.3,0,2,7.7,3.5,20,3,4,1,0,2,3,92,5.5,1,1,5,Morning,95.0,High,High
9.7,61,92,1,1,1,4.8,5,1,6.9,4.9,24,2,4,3,0,4,3,56,2.0,2,-1,4,Morning,100.0,High,High
3.3,68,45,5,1,1,8.0,3,2,8.2,3.5,9,3,2,1,1,5,2,65,2.7,2,-1,3,Morning,64.0,Medium,Medium
5.5,94,83,4,7,1,7.5,3,5,1.9,3.9,7,2,3,3,0,1,1,94,4.1,1,1,5,Night,100.0,High,Medium
3.7,42,84,1,6,5,5.1,0,1,1.3,1.7,16,3,5,4,0,5,1,96,3.3,2,0,2,Morning,86.0,High,High
3.6,51,71,4,7,3,4.4,2,3,5.6,5.2,5,5,3,2,1,4,4,97,2.1,1,1,5,Evening,70.0,Medium,High
1.3,65,84,2,3,2,7.4,4,4,4.5,2.9,25,5,1,5,0,1,4,76,2.6,1,1,1,Morning,89.0,High,High
6.5,55,86,3,7,1,7.3,6,2,5.2,1.3,13,2,4,4,0,1,2,72,4.8,3,0,2,Morning,100.0,High,High
5.5,90,60,1,5,3,5.4,4,1,9.9,4.2,13,5,3,1,0,5,5,73,1.7,4,0,1,Morning,69.0,Medium,High
1.5,76,55,5,7,3,8.8,3,5,9.7,1.7,8,2,5,5,0,3,1,58,0.9,2,-1,2,Evening,58.0,Medium,High
3.5,61,93,2,1,2,4.8,4,1,9.5,1.0,7,5,1,2,0,2,4,84,1.9,2,-1,5,Morning,61.0,Medium,High
9.2,96,60,4,5,5,6.2,0,5,8.1,5.2,21,5,2,4,1,3,1,100,5.1,3,1,4,Evening,100.0,High,High
3.2,68,50,2,1,4,8.7,0,3,4.2,3.0,6,2,2,5,1,5,2,69,0.5,3,0,3,Evening,81.0,High,Low
2.3,53,76,1,2,4,6.1,3,4,4.7,4.6,28,4,5,4,1,2,2,86,6.0,3,-1,1,Morning,72.0,Medium,High
5.4,67,75,4,4,3,7.2,3,3,5.9,2.1,5,5,1,4,1,3,5,91,3.2,5,1,5,Evening,100.0,High,High
9.9,44,74,3,1,2,6.0,6,2,8.5,4.8,12,3,4,2,0,2,5,66,5.9,5,0,4,Night,99.0,High,High
3.2,86,58,2,5,4,5.4,6,1,1.6,1.1,17,4,3,3,0,1,2,96,5.6,5,1,5,Morning,100.0,High,High
7.0,88,59,1,2,3,8.9,5,5,4.8,2.5,27,2,1,5,0,3,4,80,2.7,1,-1,1,Morning,100.0,High,Medium
7.9,69,57,5,1,5,6.0,3,5,1.7,5.9,19,4,2,2,0,2,1,57,1.2,2,-1,3,Evening,93.0,High,High
3.1,85,86,4,3,4,8.5,2,1,5.6,4.9,12,1,5,4,0,2,3,64,1.0,4,0,5,Evening,92.0,High,High
7.6,91,80,2,7,3,5.1,4,1,9.1,3.2,16,1,5,2,1,2,5,80,1.4,1,1,2,Morning,91.0,High,High
4.3,44,88,2,4,3,5.1,3,2,8.0,2.4,26,5,3,3,1,3,3,79,4.3,2,0,4,Night,74.0,Medium,High
6.7,51,53,3,1,1,4.2,1,3,3.1,5.3,16,5,5,5,0,4,4,95,1.6,2,-1,5,Evening,75.0,Medium,High
6.7,55,54,3,2,5,7.3,5,5,9.8,3.5,18,3,5,3,0,3,5,69,2.0,3,-1,4,Evening,68.0,Medium,High
5.8,65,70,5,3,1,5.8,1,2,7.0,4.7,19,4,1,1,0,5,3,88,2.7,3,1,2,Night,83.0,High,High
1.8,65,40,5,6,2,8.3,0,3,1.1,4.6,19,1,4,5,1,3,4,61,5.5,1,1,3,Night,75.0,Medium,High
8.5,87,92,1,2,1,6.4,6,2,3.3,0.6,13,5,3,3,0,2,1,98,1.1,3,1,3,Morning,100.0,High,High
3.9,60,93,1,7,1,8.8,4,5,3.3,1.2,23,4,1,4,0,1,4,66,0.0,2,0,2,Night,98.0,High,High
2.7,78,93,5,2,4,4.9,3,1,1.6,4.1,24,5,4,5,0,3,5,91,0.4,3,1,4,Morning,100.0,High,High
1.4,75,42,5,3,3,8.3,1,1,9.6,1.4,26,5,1,5,1,3,2,79,5.4,5,1,5,Night,73.0,Medium,High
6.3,72,55,4,2,5,7.9,4,3,5.3,1.9,12,1,1,2,0,2,1,78,3.9,3,-1,2,Evening,100.0,High,Medium
7.1,69,62,3,3,1,7.9,0,4,9.1,5.7,25,1,5,4,1,1,3,68,1.6,2,-1,1,Morning,91.0,High,High
1.1,76,50,1,1,5,8.2,6,3,3.9,3.6,23,5,4,1,1,1,5,95,1.1,1,1,4,Morning,50.0,Medium,High
5.6,62,51,3,3,1,7.8,2,4,2.1,4.6,10,2,3,3,1,5,2,60,1.8,4,1,3,Morning,89.0,High,Medium
3.0,97,49,3,3,2,7.1,5,2,5.3,3.6,24,5,3,2,1,3,4,83,0.7,3,-1,2,Night,74.0,Medium,High
6.8,49,71,5,4,1,4.7,4,2,2.0,3.5,29,5,4,3,1,1,2,99,5.6,2,1,3,Evening,97.0,High,High
2.6,93,55,4,3,4,4.2,4,5,5.4,1.0,23,3,5,1,1,1,5,56,4.7,4,0,4,Morning,55.0,Medium,High
7.2,44,47,2,3,3,8.6,2,4,9.3,2.4,8,3,2,1,0,4,5,93,2.8,4,0,3,Morning,81.0,High,Medium
4.5,75,77,4,6,2,7.1,4,5,5.7,2.1,27,3,1,5,0,4,2,83,5.2,5,0,2,Morning,100.0,High,Medium
9.4,73,51,4,1,1,8.0,0,1,6.5,2.6,11,2,5,1,0,1,4,69,1.5,4,1,4,Morning,92.0,High,High
2.2,91,63,3,7,5,6.4,0,4,2.4,4.9,8,2,4,3,1,5,2,99,4.3,2,-1,1,Evening,71.0,Medium,High
4.1,70,67,4,4,2,4.6,2,3,1.4,2.5,26,5,1,4,0,1,5,87,5.1,2,1,2,Night,96.0,High,High
2.0,49,92,1,6,2,4.6,5,1,2.0,3.0,16,3,3,4,1,2,5,73,2.1,3,1,5,Evening,81.0,High,Medium
9.3,97,47,3,5,1,7.4,3,1,6.4,2.7,17,2,2,5,1,3,3,59,4.5,3,-1,2,Morning,100.0,High,Medium
8.9,58,67,1,1,2,6.2,1,3,1.9,1.0,7,1,3,3,1,5,3,81,1.8,3,-1,4,Evening,100.0,High,Medium
3.3,97,75,2,1,5,5.0,3,1,4.4,2.9,26,5,4,3,0,2,1,64,1.8,4,-1,2,Morning,77.0,High,High
6.9,71,65,3,5,2,6.5,4,4,6.0,1.6,16,4,1,1,1,5,5,86,0.6,4,0,1,Night,95.0,High,High
8.4,40,47,2,7,5,4.3,1,5,4.5,1.5,6,5,4,3,1,2,3,69,2.6,5,1,1,Night,90.0,High,High
6.0,95,89,3,3,1,6.9,2,1,2.5,1.0,28,4,1,2,0,3,2,52,4.4,3,-1,5,Night,100.0,High,High
5.8,44,67,5,6,3,5.3,2,4,3.5,2.5,6,3,5,1,0,3,4,86,5.6,1,1,3,Morning,89.0,High,High
3.2,84,67,4,2,2,8.0,5,2,9.4,4.7,27,4,2,2,1,4,2,89,3.6,5,0,4,Evening,77.0,High,High
1.8,43,76,5,4,3,5.6,1,4,7.1,2.0,13,3,5,5,1,2,4,57,5.2,1,0,4,Night,54.0,Medium,High
9.1,55,80,2,2,5,6.3,0,5,5.5,2.2,5,1,5,4,0,4,3,89,4.9,4,-1,3,Morning,100.0,High,High
9.1,63,75,4,5,2,4.1,1,4,1.1,4.0,12,4,4,5,0,2,1,93,1.0,5,-1,1,Morning,100.0,High,High
6.7,55,66,3,1,4,4.4,4,3,9.9,1.6,27,5,2,4,0,4,2,72,2.9,5,1,1,Evening,85.0,High,High
4.1,94,93,4,7,3,6.0,0,5,7.0,5.4,10,3,1,5,1,3,2,89,0.7,2,-1,2,Night,96.0,High,Medium
4.1,41,56,1,1,2,6.4,6,2,3.9,3.4,10,5,1,3,0,5,2,60,4.1,4,1,5,Morning,88.0,High,High
7.5,88,48,4,4,3,7.0,6,3,8.9,3.0,26,2,3,2,0,4,4,95,5.7,4,-1,5,Evening,95.0,High,Medium
9.1,67,72,1,1,2,5.5,6,4,3.3,3.6,29,3,1,4,0,2,3,57,0.8,5,1,5,Night,100.0,High,Medium
9.0,71,92,4,1,1,7.5,2,5,5.9,1.4,22,4,4,1,1,2,2,78,4.4,4,1,2,Evening,100.0,High,High
8.0,66,59,1,4,3,8.3,1,2,6.7,3.9,21,3,5,2,0,3,2,79,3.8,5,1,5,Evening,97.0,High,High
6.8,59,52,2,6,4,7.9,6,3,3.0,2.5,16,5,5,1,0,2,1,59,3.5,2,1,3,Morning,75.0,Medium,High
1.8,63,67,5,6,4,4.2,3,2,9.8,5.4,10,1,5,2,0,1,1,88,2.3,5,0,2,Morning,54.0,Medium,High
2.5,51,87,3,4,5,6.4,5,4,7.7,1.4,12,3,2,2,0,5,3,77,2.1,4,1,3,Morning,80.0,High,Medium
9.1,89,68,4,7,2,4.5,3,2,6.0,3.3,23,4,1,5,0,4,3,98,0.3,4,-1,2,Evening,100.0,High,High
6.5,74,52,5,5,3,5.2,6,1,2.6,3.8,14,2,4,4,1,5,5,85,1.3,5,0,5,Morning,100.0,High,High
1.1,99,85,3,1,5,8.9,5,3,1.5,0.7,5,1,2,4,1,3,1,62,0.1,5,0,3,Evening,100.0,High,Low
1.9,72,74,3,7,3,4.7,4,2,3.9,2.5,29,2,3,2,1,4,5,81,3.5,5,1,3,Evening,82.0,High,Medium
7.0,72,45,1,1,2,6.5,3,4,7.8,4.5,17,3,4,3,0,4,4,85,0.6,3,0,3,Morning,88.0,High,High
1.0,100,57,2,5,4,7.1,1,4,3.4,5.0,21,5,4,3,1,1,5,86,5.2,4,1,2,Night,77.0,High,High
2.4,90,90,2,6,1,7.5,1,2,5.9,2.2,7,5,4,1,1,3,2,75,3.1,4,-1,4,Night,88.0,High,High
5.9,82,44,5,7,4,6.8,3,4,7.6,4.9,12,4,5,1,1,2,5,71,4.2,3,1,5,Night,80.0,High,High
7.2,76,86,2,3,5,4.0,6,5,2.0,5.8,18,5,4,5,0,1,3,53,2.5,5,0,3,Evening,100.0,High,High
6.9,51,64,4,3,1,5.6,1,5,7.2,5.2,7,1,1,2,0,1,4,80,3.4,2,-1,4,Evening,98.0,High,Medium
3.0,42,41,2,3,5,6.6,4,5,1.8,1.1,20,5,4,1,1,5,2,67,5.7,5,1,5,Evening,71.0,Medium,High
7.4,40,49,5,6,2,4.4,0,1,9.7,4.6,17,4,5,1,1,5,5,87,0.5,5,-1,5,Morning,67.0,Medium,High
3.1,72,69,2,6,1,5.8,6,2,5.4,2.3,24,3,4,2,0,5,4,73,1.5,3,-1,3,Evening,55.0,Medium,High
3.9,79,89,4,5,5,4.2,4,1,2.4,5.9,28,3,3,5,0,1,4,72,4.7,4,0,3,Morning,100.0,High,Low
7.7,49,84,1,1,2,4.4,5,4,4.1,3.2,21,5,3,1,1,2,2,71,0.6,5,-1,2,Morning,91.0,High,High
6.8,82,44,5,5,4,6.0,4,1,4.7,1.2,17,2,5,5,0,4,5,51,0.5,4,0,4,Night,90.0,High,High
8.6,83,94,1,5,2,4.7,6,4,7.8,4.5,10,3,1,4,1,5,4,80,2.2,1,-1,4,Night,100.0,High,Medium
6.9,68,72,1,6,3,6.8,5,4,7.7,2.3,21,5,1,5,0,2,4,60,0.6,4,1,3,Night,100.0,High,High
6.1,52,93,1,3,2,7.4,6,3,6.5,6.0,18,4,2,3,1,3,1,77,3.5,2,-1,5,Morning,100.0,High,High
1.8,51,40,3,2,2,8.0,1,5,2.0,5.9,21,5,5,3,1,5,4,95,1.4,2,1,3,Morning,62.0,Medium,High
4.3,70,57,3,1,3,5.0,0,4,2.4,4.1,12,3,4,5,0,4,1,81,5.4,5,1,5,Morning,99.0,High,High
3.4,85,71,1,6,5,4.8,6,3,1.8,1.2,15,4,5,3,1,3,5,54,4.7,4,-1,5,Evening,85.0,High,High
3.2,41,86,5,3,5,4.5,6,5,6.2,4.3,24,5,2,4,1,3,5,87,4.2,5,1,3,Morning,87.0,High,High
9.8,100,88,4,7,2,7.2,1,4,8.9,1.0,5,1,5,2,1,4,5,59,3.7,3,-1,1,Night,100.0,High,High
4.5,90,50,4,2,3,7.5,2,4,4.9,0.7,11,4,5,3,0,5,3,89,5.2,2,-1,4,Night,91.0,High,High
9.0,89,60,2,2,3,4.2,1,1,2.4,5.0,25,1,2,3,0,1,5,95,1.3,5,1,5,Morning,100.0,High,Medium
6.7,74,65,5,6,4,8.7,5,1,6.0,1.7,25,2,1,5,0,4,4,73,5.2,3,1,5,Morning,100.0,High,Low
8.2,62,64,3,4,5,4.3,1,5,8.3,2.6,21,4,4,4,1,4,2,84,4.7,5,0,1,Night,97.0,High,High
5.5,56,61,1,1,1,6.7,1,4,7.7,5.9,14,1,2,2,0,4,1,93,4.5,4,1,2,Morning,95.0,High,Medium
6.2,65,66,2,2,5,7.5,0,2,8.9,2.4,15,3,3,5,1,3,3,97,3.4,4,0,1,Night,100.0,High,Low
5.4,47,88,4,6,5,8.4,1,1,3.5,2.1,26,3,1,5,1,2,5,72,1.5,4,1,1,Evening,100.0,High,Low
2.8,68,52,3,6,4,7.6,6,5,2.7,5.6,13,2,3,4,0,1,5,66,2.5,4,-1,5,Night,85.0,High,Low
7.5,65,72,3,3,1,8.0,0,4,8.9,1.1,13,4,1,2,0,5,2,50,4.8,1,1,4,Evening,100.0,High,High
3.5,49,73,1,7,4,5.7,3,4,6.9,4.7,28,4,4,4,1,5,2,80,0.2,3,-1,1,Morning,69.0,Medium,High
1.2,65,80,4,4,1,8.1,2,2,3.8,5.9,9,4,4,2,1,2,3,80,4.7,3,-1,2,Morning,77.0,High,High
6.8,73,74,5,1,2,4.4,0,5,7.7,5.5,21,2,5,4,0,4,1,91,1.4,4,-1,3,Evening,90.0,High,High
2.6,90,40,3,5,1,8.5,5,4,8.3,4.1,13,4,3,5,0,1,5,91,0.9,1,0,1,Morning,63.0,Medium,High
9.5,80,60,1,7,4,6.7,3,1,6.5,2.2,21,3,1,5,0,5,3,83,0.7,4,1,1,Evening,100.0,High,Low
9.6,46,87,5,7,5,8.1,0,2,7.2,1.9,28,1,4,1,1,5,4,58,0.2,1,-1,2,Morning,90.0,High,High
9.2,43,94,4,3,1,6.3,0,5,4.4,5.0,25,3,2,3,1,4,4,71,3.1,4,-1,4,Night,100.0,High,Medium
4.3,97,45,3,2,1,7.2,2,2,5.8,5.3,23,3,4,4,1,2,3,62,1.3,2,0,1,Morning,79.0,High,High
1.1,92,67,5,2,3,6.6,6,1,5.7,3.4,11,1,2,1,1,1,5,74,5.9,2,1,1,Night,76.0,High,Medium
9.4,89,56,5,3,5,7.7,5,5,8.6,1.8,27,3,1,3,1,2,3,97,3.4,5,1,4,Night,100.0,High,Medium
4.9,84,44,5,6,2,4.4,4,2,8.6,1.1,13,2,4,4,0,2,5,67,0.8,4,0,2,Evening,72.0,Medium,High
9.7,50,70,3,2,4,4.3,4,3,8.5,1.0,11,1,4,2,0,1,2,100,4.1,3,0,1,Morning,98.0,High,High
9.7,68,44,3,4,2,5.2,0,1,1.1,4.5,17,3,1,3,1,1,3,61,5.4,5,1,4,Evening,100.0,High,Medium
8.7,95,77,2,1,5,4.8,1,1,7.7,2.8,15,5,4,5,1,5,5,89,4.5,2,0,1,Morning,100.0,High,High
